{"cameraMode":{"drawMode":0,"name":"Shaded","section":"Shading Mode"},"sceneLighting":false,"audioPlay":false,"sceneViewState":{"m_AlwaysRefresh":false,"showFog":true,"showSkybox":false,"showFlares":true,"showImageEffects":true,"showParticleSystems":true,"showVisualEffectGraphs":true,"m_FxEnabled":true},"in2DMode":false,"pivot":{"x":0.0000017881393432617188,"y":1.5227513313293458,"z":0.06453794240951538},"rotation":{"x":-0.052529770880937579,"y":-0.09810709953308106,"z":0.005185750313103199,"w":-0.9937763214111328},"size":2.3321940898895265,"orthographic":false}