{"cameraMode":{"drawMode":0,"name":"Shaded","section":"Shading Mode"},"sceneLighting":false,"audioPlay":false,"sceneViewState":{"m_AlwaysRefresh":false,"showFog":true,"showSkybox":false,"showFlares":true,"showImageEffects":true,"showParticleSystems":true,"showVisualEffectGraphs":true,"m_FxEnabled":true},"in2DMode":false,"pivot":{"x":2.0181918144226076,"y":1.4936808347702027,"z":-1.0440866947174073},"rotation":{"x":0.008394635282456875,"y":-0.9915313124656677,"z":0.08529236912727356,"w":0.09758879989385605},"size":2.2414629459381105,"orthographic":false}