{"cameraMode":{"drawMode":0,"name":"Shaded","section":"Shading Mode"},"sceneLighting":false,"audioPlay":false,"sceneViewState":{"m_AlwaysRefresh":false,"showFog":true,"showSkybox":false,"showFlares":true,"showImageEffects":true,"showParticleSystems":true,"showVisualEffectGraphs":true,"m_FxEnabled":true},"in2DMode":false,"pivot":{"x":14.323566436767579,"y":0.034902431070804599,"z":7.0976362228393559},"rotation":{"x":-0.004387082532048225,"y":-0.9920164346694946,"z":-0.12081483751535416,"w":0.03601699694991112},"size":0.8660253882408142,"orthographic":false}