{"cameraMode":{"drawMode":0,"name":"Shaded","section":"Shading Mode"},"sceneLighting":false,"audioPlay":false,"sceneViewState":{"m_AlwaysRefresh":false,"showFog":true,"showSkybox":false,"showFlares":true,"showImageEffects":true,"showParticleSystems":true,"showVisualEffectGraphs":true,"m_FxEnabled":true},"in2DMode":false,"pivot":{"x":4.0910820960998539,"y":2.3529164791107179,"z":-9.952017784118653},"rotation":{"x":0.04737164080142975,"y":-0.19354893267154694,"z":0.009381897747516632,"w":0.9799214005470276},"size":0.000017328351532341912,"orthographic":false}