{"cameraMode":{"drawMode":0,"name":"Shaded","section":"Shading Mode"},"sceneLighting":false,"audioPlay":false,"sceneViewState":{"m_AlwaysRefresh":false,"showFog":true,"showSkybox":false,"showFlares":true,"showImageEffects":true,"showParticleSystems":true,"showVisualEffectGraphs":true,"m_FxEnabled":true},"in2DMode":false,"pivot":{"x":-1.8841286897659302,"y":-0.0019327119225636125,"z":-6.927955150604248},"rotation":{"x":0.06601399183273316,"y":0.08669689297676087,"z":-0.005731295794248581,"w":0.9940488338470459},"size":0.000017320508050033823,"orthographic":false}